Date Time,p (mbar),T (degC),Tpot (K),Tdew (degC),rh (%),VPmax (mbar),VPact (mbar),VPdef (mbar),sh (g/kg),H2OC (mmol/mol),rho (g/m**3),wv (m/s),max. wv (m/s),wd (deg),rain (mm),raining (s),SWDR (W/m²),PAR (µmol/m²/s),max. PAR (µmol/m²/s),Tlog (degC),CO2 (ppm)
2025-01-01,-0.25885037492044477,-0.04874733985782296,-0.007181096114719455,-0.48775258060276067,-0.8257331914796182,-0.2044372847512623,-0.5741606977783035,0.2742437513109709,-0.5628651710562307,-0.5624529464588864,-0.06778594786769405,4.352421866433422,4.433602543475272,0.6999095784753332,-0.3341498394655348,-0.4690876541827517,-0.9898714853874918,-1.0033231297500635,-1.058548977896519,-0.6709286120662306,-0.8985391742724611
2025-01-02,-0.7963326555426111,-0.3318049653196484,-0.18656756935038374,0.11402890731418763,0.8431779732359127,-0.4615609925875271,-0.022228077638722137,-0.7547666403681191,-0.0027759589430598,-0.0016096801841930443,-0.10823379118531365,0.7636600762752457,0.7569011083468941,1.8267921081559904,1.7397109404207425,1.747786220390013,-1.2117716338851592,-1.201227508974884,-1.2581483414633137,-0.5975044866951444,-1.3255163634088556
2025-01-03,-0.3499794511153366,-0.7854713521649149,-0.6700124921697915,-0.6268570152036,0.2924071905550771,-0.8299727059010927,-0.6916458752415192,-0.6540261553818121,-0.6756961340891318,-0.6755923244967695,0.41818062035084425,0.12401262301756186,0.7439982008513083,1.9504759510930978,0.12645741177125258,0.5507651836073831,-0.9285721307952642,-0.9472404395725386,-0.9179212624471073,-0.9854408822301098,-1.2324289273787736
2025-01-04,0.025881743992862725,-1.2243067979185618,-1.1277340499354755,-0.9147536056723324,0.7173494139722522,-1.1131987541964787,-0.9167065591453707,-0.8896942953958228,-0.9055836963160676,-0.9056465549092025,0.9017280982474253,-0.7515806053590672,-0.8196789646663896,0.899575454984482,-0.3805651258043013,-0.4690876541827517,-0.9134577303738726,-0.9161603265160964,-0.9841194207865356,-1.3282453630401831,-0.6176124988496686
2025-01-05,-1.4567864442195457,-0.9899666717896866,-0.6907069393554875,-0.34832750313898536,1.4165853730212563,-0.9173979558026374,-0.37668193526570276,-1.1416829437210532,-0.328908195465823,-0.32896116595429625,0.10726835483100927,-0.4219472365694098,-0.46868107504962364,0.5716536470303594,3.44515038499306,4.09526485704058,-1.200319643877053,-1.1755696734145413,-1.2328968895416672,-1.161596829013693,-0.5057840082206005
2025-01-06,-2.4199092861648923,1.0977063889306644,1.3805769998167179,0.929609621994244,-0.6471703491687617,0.971814052491315,0.8733013452247718,0.6976555224358265,0.9512499941900534,0.9521141968786138,-1.771849578288429,2.2786068360470626,2.346432596026798,0.6964830671765326,-0.3805651258043013,-0.4690876541827517,-0.8408329111146879,-0.8413500965282078,-0.8416602334130204,0.5591882882775822,-1.4213497415047325
2025-01-07,-1.7353604217879486,0.00039967247167014495,0.2621250872814619,-0.22915118031068998,-0.5958736136641279,-0.19187425290521198,-0.351204569039145,0.0553833922008209,-0.30012890788688545,-0.29942173162621066,-0.713847313432789,2.1686800594734272,2.491905601963875,0.9862782603000719,-0.0579144200744034,-0.2487630990254175,-0.8825072083300927,-0.8957399236990015,-0.797150729245518,-0.4027298565955867,-1.3305277076789177
2025-01-08,-1.4426880423557238,-0.46403110710138495,-0.210348820342543,-0.3803142218201729,0.08426114118432775,-0.5905610818693593,-0.48999252155831696,-0.4675944120203859,-0.44699738924927807,-0.44656097061406014,-0.2665963644302978,-0.20297544900962844,-0.09813479550533491,1.1971308385647998,0.9100376971152903,1.1810751223306843,-1.0222094268202342,-1.0241506838782586,-1.0870697100139768,-0.5789565430574222,-1.248561337015252
2025-01-09,-1.9859162303501745,0.045483482013937114,0.3431536872006444,0.6493711420968646,1.035647403319355,-0.0679030496796635,0.6139736037462001,-0.7768250958119148,0.6766331777741666,0.6767124403150905,-0.8693312963315124,0.9692584190914434,1.1544658821582556,1.0899324224636024,3.3068715111088176,2.6904118945167528,-1.1401570387749276,-1.133143354499202,-1.154893780193289,-0.22982793501160384,-1.145176618238477
2025-01-10,-0.4038515607713782,-0.8669571015591936,-0.7367903478492078,-0.7007618128016663,0.31107062419228265,-0.8862473660612858,-0.7511355253805307,-0.685705120988011,-0.7324621643222862,-0.7322534849917743,0.45678759675970876,-0.1606507008101534,0.2972956627804406,2.1440652250659333,-0.3805651258043013,-0.4020817327689233,-0.9412662605053433,-0.9429722061884973,-0.8685188314979155,-0.9752402206261452,-1.016735178111414
2025-01-11,0.2267427471550043,-0.9306851207280226,-0.8885453399835692,-0.812231658044474,0.2224858112099912,-0.9287791189826474,-0.8368987094406799,-0.6647117934550527,-0.8317284161436133,-0.8320304410275627,0.7662962152840677,0.7768130796219578,1.3883189537229907,2.603161596919804,-0.3805651258043013,-0.4690876541827517,-0.6081770836498782,-0.6408899159584746,-0.5508060964255793,-1.1342913132083505,-0.9724568623006459
2025-01-12,1.473681808687302,-1.28232194983578,-1.3915914669738958,-1.1745328385906662,0.2974110743360735,-1.1489303130174409,-1.1033282667549043,-0.7485820266922885,-1.1178866680257522,-1.118807824451954,1.552432109216196,-0.13059719036990175,0.23404231174944837,2.069127484413092,-0.3805651258043013,-0.4690876541827517,-0.715132826053656,-0.7417261883004889,-0.6942746091209678,-1.3600216265110634,-0.9870790038009424
2025-01-13,2.1943148868014513,-1.3212426168750782,-1.5307162868668784,-1.3489281692229271,0.022230714778487964,-1.1744615806878034,-1.219027356131258,-0.6668420492767277,-1.2431583001894928,-1.2443736675401735,1.8845372163565899,-0.3077585929895775,-0.5103002277985436,0.49188536702202407,-0.3805651258043013,-0.4690876541827517,-0.8812223961663642,-0.8947623223055746,-0.940675092168987,-1.2386323386303193,-0.6266054591151107
2025-01-14,1.4506654118823339,-1.134040681122793,-1.2527881891440904,-1.3235999761543054,-0.24419977491177575,-1.0025021813705128,-1.1881997429971236,-0.41000878690543013,-1.1985776481739265,-1.1998630403679484,1.4439056883438772,-0.953945807687805,-0.9049060641767068,1.1334086040989781,-0.3805651258043013,-0.4690876541827517,-0.6998310378654248,-0.7218568600808005,-0.740015945919017,-1.1138475461934705,0.1335399532456267
2025-01-15,1.2004256493657812,-0.5110989419699503,-0.6484177272071973,0.260871162227623,1.5636541167063553,-0.6318712430361582,0.11171917529740356,-1.1869680594140795,0.06290620169320797,0.06397840275203813,0.8287896987381345,0.06397908260268244,0.09822223284854391,1.6656719170727898,-0.24228625192005931,-0.1045300139481935,-1.1313247668537303,-1.1156206650135838,-1.1667344753482105,-0.6270878201402068,0.3148407781390438
2025-01-16,1.7987557783679486,-0.6459141664469983,-0.8586676514736917,0.03681903041690594,1.396802576677782,-0.7314920506207546,-0.11028422465926131,-1.115570130423102,-0.1696066655968671,-0.1686485171139427,1.180445603315496,-0.7977263377709942,-0.8215222371657589,1.0432611025406,-0.3805651258043013,-0.4690876541827517,-1.1732671584484258,-1.1694742447061832,-1.23321456563899,-0.5477603449482101,-0.5471790848622978
2025-01-17,1.8296664557486981,-1.1421456356472455,-1.3153345512721764,-0.5316384867101053,1.4195444803734731,-1.0461537267335568,-0.6106915440566327,-1.1066367995580133,-0.6516225820007264,-0.6516322166944504,1.5805206452034208,-0.49043103053105946,-0.7008363956280983,0.7750500176666703,-0.3805651258043013,-0.4690876541827517,-0.7078367627556603,-0.718543987411367,-0.7971936222206839,-0.8959976330480511,0.40428984093196396
2025-01-18,1.3440548359949904,-1.3410969412396658,-1.426536658399358,-0.7148366139149106,1.516169864082481,-1.166460154695417,-0.7507533648871324,-1.158484477540393,-0.7745165793903035,-0.7749043366554108,1.533295721844563,-0.2559548647245955,-0.4240059705254333,0.8057668851264467,-0.3805651258043013,-0.4690876541827517,-0.5856822026691917,-0.5997881530261402,-0.6787343948579841,-1.1160687720905889,2.160457089104317
2025-01-19,0.50871078443135,-1.3927660263330506,-1.3524405053621482,-0.7237522668537698,1.6255515495233326,-1.202659990355628,-0.7549889770222975,-1.2150049747445113,-0.7582694084335191,-0.7583523346289706,1.2237759632646918,-0.5104911976464352,-0.6476240290015653,0.38059977568709147,-0.3805651258043013,-0.4611377990997551,-0.6367852586081604,-0.6660663643817101,-0.738658561975745,-1.176282386218846,4.665442738616049
2025-01-20,0.006321241991743885,-0.7880041504538065,-0.7251505251624055,-0.5172734835120518,0.6280275948516759,-0.787827790368676,-0.6047680564089583,-0.676806149087788,-0.599661355373694,-0.5993725249031058,0.568684998432281,-0.9471121243847647,-0.8618802034677417,0.00030132817547576376,-0.3805651258043013,-0.4690876541827517,-0.510662159578421,-0.5801392546454147,-0.6307197303761404,-0.8088746453126638,2.191142991689454
2025-01-21,-0.10265280867199184,-1.1132295218490686,-1.007052882786001,-0.7164972147335408,0.9565993389384987,-1.0037237731250759,-0.753969882373235,-0.88055481074154,-0.7428147824014564,-0.7426372315813949,0.7667195373938078,-0.9972258019403926,-0.9018016052304003,-0.7479145719126941,-0.3805651258043013,-0.4690876541827517,-0.4357608572507961,-0.550765248773052,-0.6513150604831593,-0.9319192416645089,3.2620603973453366
2025-01-22,-0.789001761396073,-0.7559079676929102,-0.5763408583267078,-0.8458628552062467,-0.03322207037813575,-0.7267889223656879,-0.8614843678493076,-0.29707086939179045,-0.8314807458546376,-0.8313175270826038,0.23321113850274744,-0.6066036466827422,-0.5750573011316534,-0.612601062777873,-0.3805651258043013,-0.4690876541827517,-0.5452964282663637,-0.617049390976307,-0.6623255978478902,-0.7532166664638472,1.4284575829178636
2025-01-23,-1.2727720694053946,-0.16297988826343096,0.0409684562321978,-0.16342040810141503,-0.17925457235000558,-0.3480140390009144,-0.2765558859953318,-0.28868728196455345,-0.23935061897233056,-0.23894803133859874,-0.41622959017010125,0.14590980177354013,0.4842908071243642,0.7401092490721919,0.17255036973266652,-0.05001672195050258,-1.0439603227068337,-1.0340991866327012,-1.0017158170465363,-0.3254538320729035,-0.012063624792585714
2025-01-24,-0.9029157491651337,0.2788386310304659,0.3904460938518861,0.26478889037254666,-0.2631014887290266,0.0757154209317701,0.1251903326896958,-0.007081205925067821,0.14666829342467672,0.1476063081215808,-0.5844310604500369,1.7287525117820144,1.6407017646234927,0.6613352185767077,-0.3344721678428873,-0.05569518986692871,-0.9654179461968014,-0.9553177598823334,-0.9980605313191141,-0.10037432381011113,-1.0147443701137213
2025-01-25,-1.092076178070886,1.3119529819676676,1.3688728687172822,0.4631258930015632,-1.7242798839762654,1.255040100786701,0.33990083656400816,1.7508265135000425,0.3657574310522862,0.3668738405841988,-1.3685439202998044,0.19058592487298542,0.28109426765440415,0.68883570877395,-0.3805651258043013,-0.4486451696836176,-0.6124628830696798,-0.6168808560545889,-0.5659736779668088,0.9812212087300992,-0.9121147854050317
2025-01-26,-1.157573285754994,0.4256565051765379,0.5643360416149533,0.2793151169510497,-0.5719292262691285,0.20872640314108343,0.14796072875468128,0.1927161747691255,0.17772614766218736,0.17866455911501344,-0.7905555077299279,0.7731390563407533,0.7959493810309034,0.34202050520379484,-0.3805651258043013,-0.4611377990997551,-0.7802806878834899,-0.7852709662417758,-0.7112749717468918,0.2612752072863436,-0.6668335103788497
2025-01-27,-1.9068772366653135,0.8844869863108222,1.1032405394901523,0.782751244742764,-0.559860058079748,0.7144450296675083,0.7426661498980986,0.4045735521311885,0.8007159925508254,0.8008834517718687,-1.4208977252199086,2.5649602105841325,2.556371632270768,0.5004765323720534,-0.3344721678428873,-0.2521701797752732,-0.9193251938652678,-0.9051936949090454,-0.7413769042768862,0.43583243734142785,-1.3954005889830718
2025-01-28,-1.9592584334536824,0.26306492613131444,0.5385226447835512,0.8422910391427767,0.906970564694197,0.04114437427764241,0.7603729194255552,-0.7510902311274865,0.8189445258194127,0.8198221657009983,-1.023364844001568,-0.642388633441673,-0.7253810241723326,0.32444392603201855,0.4952010754625644,1.0300278757537493,-1.189137603572661,-1.1731207275579034,-1.2240935531906834,0.15148722663895722,-0.7844284793460652
2025-01-29,-1.3426525983317699,0.3011131848711054,0.4784071406530412,0.5690980209710418,0.23717051998035668,0.07559326175631392,0.44161922122353897,-0.34860931669037865,0.4766146523976604,0.4774374945698024,-0.7901299576090737,0.5399855389155229,0.6803082852809912,0.845640405643161,-0.2883792098814733,-0.30100500385653794,-0.696977548901072,-0.6986746591916788,-0.4884169236412511,0.026801469751661453,-1.1980360030048256
2025-01-30,-0.3792824160028423,0.07659468766248675,0.12471087116454498,0.3992491896674579,0.4284153007663462,-0.11709247766339229,0.26203563603409274,-0.4804103059153015,0.26342006764766474,0.26421423251009796,-0.23710195343650456,-0.7599573784402134,-0.896029251877112,0.600206793921448,-0.10400737803581733,-0.03638839895107986,-0.9087888064604825,-0.8975844173290665,-0.9629347590728096,0.09039644050037327,-0.4150306229464294
2025-01-31,0.7924514277900122,-0.5758400804543359,-0.6471958673671429,-0.25575303808486305,0.6094694478056544,-0.666849486941806,-0.3703125937090632,-0.7257333150565811,-0.39122204017202555,-0.39064372032249095,0.7265908294009593,-0.5855147530486288,-0.5078748692467416,1.9285692759120827,1.3248743187680163,0.6666059291024763,-0.7041910502621928,-0.7138190787555733,-0.61746714145534,-0.6048331173620705,-1.0058887069515665
2025-02-01,1.288045980247491,-1.223701740549549,-1.3114374614665352,-0.9611536945657083,0.6856304430282621,-1.0925945732695197,-0.9502092957332936,-0.818605597088637,-0.9660647808838521,-0.9667401803663442,1.429178534946909,-0.6301908761480743,-0.7832500792183252,-0.7461198785330219,-0.3805651258043013,-0.4690876541827517,-0.566986098446966,-0.5647160852403208,-0.6014783381604126,-1.1458784725060582,0.31607645206864005
2025-02-02,0.7810462878806833,-1.2433872116948772,-1.2557077910776775,-1.090922393489538,0.47859267356471,-1.0952006356792536,-1.0427876752590473,-0.7231907516565174,-1.0454183414715597,-1.045625658188985,1.2378993256524868,-1.0341864761493087,-1.0305881443310794,-0.47858844085612773,-0.3805651258043013,-0.4690876541827517,-0.18236435804834009,-0.29652760105601145,-0.3821406416311512,-1.0436596374316556,0.7016753666564035
2025-02-03,0.8813290722882183,-1.3641454056685776,-1.3807104835561816,-1.1235701280305685,0.6999549608287892,-1.1452655377537524,-1.0528830816263204,-0.7966502185394385,-1.0568111747644267,-1.0574972251854768,1.3728165380508417,-1.1275066674919,-1.203370687561444,-0.4494857354893115,-0.3805651258043013,-0.4690876541827517,-0.09788308805658265,-0.25582617034242106,-0.3691043047934791,-1.179550559354097,0.9290393697033451
2025-02-04,0.9995509050712236,-1.3193008048535948,-1.3569292325640223,-1.251049454952015,0.3689283767475245,-1.116741370284711,-1.1478181175280302,-0.6465015420762182,-1.1513716910952216,-1.1521288023141696,1.3917635444786434,-0.9870120172186444,-1.0659983791873864,-0.34598821076572256,-0.3805651258043013,-0.4690876541827517,0.022749178339865332,-0.18916245388731992,-0.3261867555271874,-1.1302025598053747,1.116449915693122
2025-02-05,1.7135813690571504,-1.2878941060713411,-1.4318228099178982,-0.782824513450479,1.1849548724169936,-1.124091280674664,-0.7604347640532241,-1.0769850128788923,-0.7942806684505376,-0.7944939720125459,1.6475748673872332,-0.7921418223835637,-0.7435227061398106,0.34490635091933275,-0.3805651258043013,-0.41684574935163127,-0.9943563689025837,-0.9695498173773369,-1.0122245959621907,-1.2618632489683357,1.0128592512614163
2025-02-06,2.072060031652926,-0.7339711202907897,-0.9786800111317668,-0.03216845407744963,1.4734955462558441,-0.7955645381475738,-0.17757631820515618,-1.1508911463050677,-0.2423226624400348,-0.2414277320167171,1.359887389614752,0.8125245859152644,0.6648830048915311,-1.1431108328858948,-0.3805651258043013,-0.2919194551902561,-1.0166415982233403,-0.9963409390828403,-1.0459009430893462,-0.8232347999978565,0.40037687348822204
2025-02-07,1.2124216579692195,-0.6637563232820777,-0.789278874241301,-0.287256086624702,0.7081562321420499,-0.745581075523379,-0.4101846718536257,-0.8152727774966615,-0.4425888581055166,-0.4419115318425884,0.9625683974623884,3.826840246746591,3.512399466220026,-2.144525844896282,-0.3805651258043013,-0.43615254026748007,-0.9073769045736995,-0.9031332195757814,-0.95167043827168,-1.171839934424609,-0.668275129963388
2025-02-08,0.7247213860875108,-0.7973755041227046,-0.8399153183495288,-0.5961762059040537,0.44453523201653256,-0.803545604277384,-0.6694487199166308,-0.6338230840407656,-0.6808476760998196,-0.6807067071453884,0.8726570093633794,-0.8301312231112168,-0.8718726807011654,-0.043800075783736285,-0.3805651258043013,-0.4690876541827517,-0.21880014675213866,-0.29609415493769226,-0.3691248576774127,-0.7379651918326766,0.5517469298645818
2025-02-09,0.9638995370052738,-1.5012964330120475,-1.518073252942977,-0.8953745553422984,1.5060789755274486,-1.2664270799438067,-0.8897642443607863,-1.1771413954624819,-0.9004321543053798,-0.9009041273623011,1.4983939279015366,-0.2392747990279278,-0.48556157057016447,-0.16330515040781923,-0.3805651258043013,-0.4690876541827517,-0.6228629041292896,-0.5453449482261807,-0.584733099376361,-1.488272663182269,2.058102098602202
2025-02-10,0.8879248158502435,-1.1497158883107097,-1.1857916848616976,-0.5279948383119459,1.4200764547289275,-1.0714813957781593,-0.6169016520743562,-1.1429542254210852,-0.6337903211944997,-0.6336543867780924,1.1933881198182117,0.2773663547750332,-0.09828031701844321,-1.200550313086931,-0.3805651258043013,-0.4690876541827517,-1.081194828575232,-1.0648303681503368,-1.1197943692546384,-1.2447300988956573,1.4560543006789934
2025-02-11,0.5012837023578762,-0.9660598701628726,-0.9613810481331467,-0.5595462538659196,0.8852150301159124,-0.9399159638117451,-0.630627583128914,-0.9056712140583852,-0.6372081711823598,-0.6368160051426933,0.9005895845733172,-0.2715327234369022,-0.37253986205619793,0.876334706692098,-0.011821462112989406,1.1197476688332821,-1.0995124466149298,-1.0717116341769704,-1.1270459628686293,-1.0365573737351361,1.407176531908036
2025-02-12,-0.029982829864210424,-0.6965701322248264,-0.636173405441629,-0.13918853401985012,1.1308708129457579,-0.7630701974762033,-0.2724158139835166,-0.9939737537632997,-0.2727861079840051,-0.2721450241669085,0.4718712319333002,-0.39858044850094954,-0.4896361729371919,-0.5324743750679759,-0.15010033599723138,0.5984643141053625,-0.9857411699390126,-0.97279992190877,-1.0184208436663698,-0.6163495369815256,0.7430017947464571
2025-02-13,-0.15842119460212925,-1.3922594666752723,-1.2545116546026787,-0.7517245233617639,1.5509643117689444,-1.2170340533343171,-0.793587186855532,-1.1975162616278572,-0.7801139279211466,-0.7805456556981301,0.9444056509431711,0.1158562913332885,-0.054914906112225936,-1.7647490797058285,-0.24228625192005931,2.722211314848739,-1.1470050412244897,-1.1409172131024428,-1.19046456705694,-1.447399277088158,0.7441001715727718
2025-02-14,0.5273094071630103,-1.2383497573203044,-1.2141645565159318,-0.8262742144816284,0.9588325229515009,-1.1251907132537704,-0.8517074285598664,-0.9797147833440234,-0.8538701399780109,-0.853882803253481,1.1173171366968044,0.3786224364050264,0.40178010919206475,-0.09952185388913952,-0.3805651258043013,1.971517856297203,-0.9296315210414575,-0.9121466253452073,-0.960442051693114,-1.3590029751442319,-0.5874757846776806
2025-02-15,0.567955676863961,-1.234283208956473,-1.2163253191804415,-1.1212646336901402,0.3430112511177123,-1.1217906162035707,-1.0589339561051276,-0.7501968980409777,-1.0561672320130906,-1.0570632775668063,1.138572362628274,-0.7689954757119759,-1.0114278117718445,-0.07006870543635099,-0.3805651258043013,-0.3634681509372255,-0.7629445364641709,-0.7566131102273886,-0.8313739618060393,-1.0836134077084876,-0.7492804209040262
2025-02-16,0.40071235416948897,-1.659483757254921,-1.5809926038643511,-1.47590770366498,0.6151826307272572,-1.3547888835238495,-1.2985804321736836,-0.885433783752473,-1.285906192066641,-1.2872104967546687,1.3958051566211724,0.25620398067529593,-0.03337772217222544,-0.5215894004279514,-0.3805651258043013,-0.3793678611032187,-0.29906519199000037,-0.34928891629993886,-0.2763857773504122,-1.6769070892095372,0.03042982867543178
2025-02-17,0.6412096537996436,-2.06096042824742,-1.9829973529237104,-1.8941372748891154,0.6793464959544528,-1.5459069135252,-1.5439911623509983,-0.9429506909376973,-1.5288707455514758,-1.531058062189135,1.81158544878068,-0.027871499427427022,-0.24685778190182514,0.11498515549558676,-0.3805651258043013,-0.4690876541827517,0.0940029128495984,-0.04083195328305123,-0.15212080707827297,-2.01061444739638,0.7110802182317127
2025-02-18,0.9565961251235793,-2.022307112138616,-1.9930294652946583,-2.453582405048998,-0.42457787120769225,-1.503680558542479,-1.8330000354835092,-0.5602605402632475,-1.8142364525088936,-1.8170605391516141,1.928620644058911,-0.6456952543947567,-0.6819671060950795,-0.3265346371865081,-0.3805651258043013,-0.4690876541827517,0.397138804539268,0.12322369572094433,-0.030326650896421822,-1.8352507850092212,0.4684762367196708
2025-02-19,0.9703303869782375,-1.6586817044634388,-1.6626642879098774,-2.558909639496678,-1.2360825848557966,-1.2826742502794921,-1.8821076588851984,-0.13431245282284912,-1.861541477703189,-1.864546807137581,1.6656774576066469,-0.5547999184177603,-0.5334381483827334,-0.5145845210163161,-0.3805651258043013,-0.4690876541827517,0.5265096489734936,0.18092738403578573,0.017089299140397717,-1.4639806576704697,0.697419156454438
2025-02-20,0.7197058727538969,-0.6946986757113679,-0.74511185644409,-1.248244168132193,-1.061927480238793,-0.6641416252191922,-1.0302719191002505,-0.009039666922414147,-1.0302609197862673,-1.0316153493576163,0.8164286931335456,0.39478813884232544,0.2576653040439987,0.18968395768072038,-0.3805651258043013,-0.4690876541827517,0.020058030262626397,-0.04390215543470286,-0.10815416712771443,-0.6999355408043035,-0.08860675987632198
2025-02-21,0.5404734120222172,0.3748457572810554,0.2594112722682972,0.77717291577921,0.5128218984985022,0.21866201607819424,0.7385579245940659,-0.4278067307058758,0.6972393458169173,0.69785188859605,-0.08491097094939845,0.31880933738701905,0.1475055186211577,0.2734186162530068,-0.3805651258043013,-0.09658015886519691,0.07951190143472359,0.03927551216224305,-0.022459811169894078,0.3917899136616192,0.46730921134171266
2025-02-22,0.16859027474985053,0.42083011732603964,0.3574944632180783,0.052522187672690464,-0.8783132066138576,0.2532737824574736,-0.08149480082325179,0.5156217265772131,-0.09168959268521634,-0.09109587840579021,-0.24128838630078694,0.08727239020551836,-0.031776985528036115,0.1458865365498709,-0.3805651258043013,-0.4690876541827517,-0.09004341470230898,-0.10671279784371968,-0.17524995033285476,0.3264405988922532,-0.16329638406565272
2025-02-23,0.8449356830715363,0.6988188006334767,0.509519550685506,0.6576096568378358,-0.39273144807437504,0.532203899749314,0.5607259083326956,0.29335358286083535,0.511139890680827,0.511998322771077,-0.1851781546594611,-0.8457090818235234,-0.6727992507692684,0.9858773746486956,-0.3805651258043013,-0.4690876541827517,-0.3113632099355222,-0.3121988775892652,-0.10583392525233207,0.6668116347704512,-0.33532965448704216
2025-02-24,0.4457832685099554,0.32143185558865645,0.2255979089051901,0.5077202800339042,0.21588600436263083,0.24217765735352817,0.4148361399778702,-0.038931966355595336,0.3862149969216517,0.38677343852609897,-0.06626028999841634,0.39544946303294254,0.30311652330476474,0.24519600090891394,-0.3344721678428873,-0.4690876541827517,-0.2264468663663,-0.22701411228822133,-0.2566590299905032,0.21068218940038322,0.11383781892363005
2025-02-25,-0.36334270239464556,0.7885924288730725,0.7755891771185363,1.4185517678835453,0.8858522910625507,0.5982920136711615,1.5019553568650768,-0.6107682186158637,1.4847317966429938,1.4845989212460606,-0.7640599996820173,-0.6814067606880635,-0.866051820176841,0.38648960891608986,1.5092461506136725,2.1975208793709635,-0.29465694115820434,-0.26741010434602897,-0.11237510396513725,0.8564222683575995,-0.05531221232868852
2025-02-26,-0.4361226102618014,0.32257161481865765,0.3590764501688879,1.1173220038516365,1.3448242490302227,0.0904559614368279,1.102916108341621,-1.0368881008805908,1.0946510915067909,1.09531691103995,-0.46100592932574436,-0.4907249523935556,-0.530285182265391,1.2651327264744547,0.9561306550767041,2.1441432809565577,-0.9071635422649216,-0.8683507748519177,-0.8652884543057311,0.3136933088712105,-0.5291245157797647
2025-02-27,-0.13490324646379076,-0.3673626390753629,-0.3188242507740271,0.26596582104982824,1.196868881419365,-0.5108522198841362,0.12152796129462809,-0.9931834975713879,0.11709646092101754,0.11803587753501901,0.17980125631939256,-0.7326961256936767,-0.7935335994779652,0.6460351920278147,-0.19619329395864535,0.5007946659428331,-0.711516798750975,-0.6596150848122461,-0.6152836209382989,-0.3081933505793712,-0.5627623060856218
2025-02-28,0.3210412683932589,-0.6316742116227865,-0.6289065548139567,0.024646665192966096,1.346952146452042,-0.7085668453601262,-0.1175771207416138,-1.0688075792408496,-0.13215891790379145,-0.1316079882345492,0.564563177890016,-0.8507792339515856,-0.8139066113131007,0.3596992969423127,0.12645741177125258,0.8642166125941059,-0.6375904694082444,-0.5951744477644421,-0.5426081765469898,-0.5239352213128754,0.05919357181451963
2025-03-01,1.1491849665683485,-0.5725333715771721,-0.696906270333438,0.07262674321474732,1.2962261750996147,-0.6757060271623867,-0.07560315988336017,-1.0588434794297892,-0.11586221288921214,-0.11511797872506213,0.8591664021290878,-0.520411060505687,-0.6459262780153039,0.5299602118512705,-0.15010033599723138,0.281605804368784,-0.9888237914697487,-0.9426598482104156,-0.9772623531837062,-0.5325371661883406,-0.6621654088670169
2025-03-02,1.4554198436999617,-0.7079958667280477,-0.8652013861973208,-0.4723566497188117,0.5671276139511765,-0.7297207425766385,-0.562061621271691,-0.6249584711054085,-0.5955995626344983,-0.5954360000765927,1.1054240134240336,-0.7950810410085272,-0.8502384824190928,0.1350042167817098,-0.3805651258043013,-0.4690876541827517,0.5209752162162345,0.5006193495174748,0.37489222153267077,-0.42523922221543103,0.022329299581362337
2025-03-03,1.0691634819153824,-0.5020512236379662,-0.6205593228540297,-1.0790241080123626,-0.7056487384720339,-0.4891689662406464,-1.018966337837216,0.2737002549576404,-1.0279823531276937,-1.0286087122853975,0.8212590212068654,-0.9959766340247831,-1.0324314168304487,0.49020616056841054,-0.3805651258043013,-0.4690876541827517,0.8130394594047495,0.7098136917781273,0.5110595456115326,-0.2777045492526808,0.10134378252431346
2025-03-04,0.7773361821270448,-0.17644593249937027,-0.2799562461778682,-0.8240170871553348,-1.100994346967502,-0.19295332562174217,-0.8274720839368533,0.5667822252622783,-0.8351958001892683,-0.8357189957862643,0.4630661320505753,-0.7198370442094613,-0.7999850532257584,0.02340136825909769,-0.3805651258043013,-0.4690876541827517,0.7585114745787879,0.7113739989566148,0.5228510925657434,0.028442630287111786,0.1721890878215459
2025-03-05,0.6119616534418139,0.20932738910200174,0.09759844439793257,-0.5591593177528408,-1.0397729648939154,0.27770561754872986,-0.6266785913637974,1.144734373268646,-0.6362174900264586,-0.6358551211299224,0.12376009302229038,-0.6978663849878589,-0.7378958742996307,-0.33137977833725085,-0.3805651258043013,-0.4690876541827517,0.9204080114929023,0.752171311707781,0.5414626225713381,0.363027160484282,0.5740577091490806
2025-03-06,0.2744931823175474,0.4447369189528535,0.3637323792436172,-0.5106794472516658,-1.4670259519175972,0.5089732965500446,-0.5896727169197228,1.4950583790395828,-0.5914387017797118,-0.5914374827331269,-0.17977745574354106,-0.7207188097969505,-0.7003513239177378,0.1575480612099457,-0.3805651258043013,-0.4690876541827517,0.7307400509358006,0.6950948105356385,0.49318032379653176,0.5941478372698109,0.7209656096685385
2025-03-07,0.08088062650742435,0.6272531778706895,0.5602331648888896,-0.5047464268511231,-1.6421618842524714,0.7132641576380978,-0.5895134833808067,1.8395757197482114,-0.5863366938268196,-0.5862611075675549,-0.3846876369717945,-0.6808923974286948,-0.7589479865292706,-1.2896650694904388,-0.3805651258043013,-0.4690876541827517,0.8401383279439802,0.8044868249007114,0.5938143923650125,0.8157328054269448,0.9678258013825459
2025-03-08,-0.33748876174475856,0.44957737790495694,0.4612367944796878,0.024082383361392744,-0.8547400929877681,0.42425590837111415,-0.09283222879406959,0.8162970281171763,-0.08609224415437329,-0.08570252943088248,-0.45242808657561534,-0.4504576572315556,-0.49967715734165147,-1.9328675130210062,-0.3805651258043013,-0.4690876541827517,0.6973896667493739,0.6490496860577759,0.4553496133038254,0.5595419866688437,1.4485029599980896
2025-03-09,-1.1355462504843394,0.43067988844950617,0.5662267089463966,0.16120286843372122,-0.4593778602936932,0.4091488903396878,0.028185260782078437,0.6597575841889315,0.05958741982093769,0.06019685921790761,-0.7642783447702005,-0.4939580928810155,-0.5144718445076428,-1.1280205412142121,-0.3805651258043013,-0.4690876541827517,0.7538527549497308,0.7131512763129153,0.5125840334372221,0.5856732238151988,1.6893220791673753
2025-03-10,-1.7037420760875186,0.5155427022289732,0.7316408079242807,0.4636740524950916,-0.20920583684201577,0.46540319063730484,0.34881791474330304,0.4091089354934643,0.39755829615672356,0.39858301300563775,-1.0651311401558015,-0.5055680064496215,-0.42696490795863157,-0.758380076798298,-0.3805651258043013,-0.4690876541827517,0.5625669514947644,0.5380682045130969,0.3728994853947534,0.6632463549865416,2.3157401129244186
2025-03-11,-1.7429592680166808,0.6603765510487474,0.8710743081979074,0.7209704453545025,-0.08243523965723869,0.532936854802052,0.6297695708066657,0.21975668011845137,0.6797538234152566,0.680524980107698,-1.1956168384684454,-0.9327099531224433,-0.8814771005663007,1.00901723781027,-0.15010033599723138,-0.3680109252703664,0.25012289716910147,0.275474486645062,0.17728339133955331,0.8157469533625955,1.1775471266568216
2025-03-12,-1.8619506042152507,-0.3258106760359387,-0.01897984602546763,0.35866926480831024,1.3003268107562458,-0.47369547068285106,0.2220998644739632,-1.0388122029130713,0.27610078644320357,0.2772946535871727,-0.5581160213015375,-0.9845871618530494,-0.8416527131457143,-0.44710962517154984,4.551381376066996,4.19747727953625,-1.0793153849335613,-1.0232066906217139,-1.0776426383157884,-0.15157570292904038,0.2033555302681994
2025-03-13,-1.9730064364407793,-0.3659977422196824,-0.038992624037252364,-0.06800841155138097,0.5463972382870492,-0.5077778806351533,-0.2065568222878655,-0.6339261609353628,-0.14860422509175586,-0.14763305386688946,-0.561355549446657,-0.24067092787478547,-0.21091396816412164,-0.646892715201745,-0.3805651258043013,-0.4690876541827517,-0.45987543645377105,-0.43612542268128224,-0.3864746193302094,-0.22807359099094965,-0.05709707467144483
2025-03-14,-1.1828707105418348,-0.4930597897124015,-0.27648359189562594,0.11327115742607481,1.1785379317543196,-0.6134252075422594,-0.03566738832323146,-0.9966881119876918,-0.003667571983370944,-0.0026635529723929275,-0.1551222848674803,-0.46287585592202646,-0.47391984952151583,-0.6362984490307653,1.2787813608066023,0.9198655981750822,-0.8647582472263989,-0.8053266219262375,-0.8200180466308578,-0.38391310218050656,0.07676760103554194
2025-03-15,-0.24806147194970302,-0.25368220920895335,-0.19774437146621968,-0.14911989425554142,0.11553680016543842,-0.4075869968984269,-0.282256446688524,-0.3830369994858355,-0.27694696883879066,-0.2757715864086565,0.06691016169446538,2.8390423473619797,2.286962804336617,-1.9659180128487295,-0.3805651258043013,-0.4690876541827517,-0.036091508110048034,-0.005689209562317811,0.37741977945468874,-0.5400921638256736,-0.459514884412134
2025-03-16,0.061395700734616976,-0.5199355937778605,-0.4879553760021643,-0.5468257291484514,0.00288568899835662,-0.6010871308211752,-0.6268059781949306,-0.33819855033606394,-0.622397487901633,-0.6218758085570303,0.3972952442626243,1.122244748520794,0.8645870280468962,-0.18961360313838574,-0.3805651258043013,-0.4690876541827517,0.7667110808713481,0.7227162509170549,0.8921457578878906,-0.6365103452833976,-0.3892874160796997
2025-03-17,0.847278546149293,-0.6803602231759215,-0.751053953771486,-1.6254746337080124,-1.4758090701821371,-0.739900673864662,-1.3429110494078935,0.19993155739092788,-1.3356383860928946,-1.3373314467111366,0.857482025734518,1.7302956015601194,1.5899632637197976,-1.181562669519747,-0.3805651258043013,-0.45091655685018805,0.8339591699493271,0.7827186369471785,1.1060963648174051,-0.671441598404325,-0.6510443435005893
2025-03-18,1.1645956465783538,-0.7225735279907782,-0.835851026671043,-2.087637576104646,-1.9820103763950283,-0.6784953283353048,-1.6469834153218568,0.6317206688584993,-1.636854991544736,-1.6395449668568145,1.0407871832879845,-0.7327696061593006,-0.6269599741402133,-0.7754814339065219,-0.3805651258043013,-0.4690876541827517,1.311103156394005,1.2576925507573768,1.007200355346794,-0.3686191837423847,-0.28933512488515567
2025-03-19,0.8388895848063493,-0.012545741004886,-0.13904365241365357,-1.5971315634249843,-2.1288685468977597,0.04979731587246291,-1.3724011008151342,1.5644634880683475,-1.3659036954056845,-1.3675218024672278,0.3981106963266603,-0.8233710202738008,-0.7313474062097653,-0.7137171674399734,-0.3805651258043013,-0.4690876541827517,1.3446251580896662,1.2807180784201506,1.0263484943437873,0.23720956874495153,-0.022429556090916722
2025-03-20,0.5192571035643756,0.5249281269994767,0.40036245108008967,-0.635498588395695,-1.8328192766876459,0.6121163603602975,-0.6678882312352542,1.7534034358649722,-0.6733680333727634,-0.6731746163356039,-0.13194651336441784,-0.36860041852632175,-0.40489414513723476,-1.044173050587731,-0.3805651258043013,-0.4690876541827517,1.2035008334284085,1.1736558987207057,0.9439403658062323,0.7332786364562016,0.30138566201669426
2025-03-21,0.0012713758270670793,1.1464908981950335,1.048372601830594,0.4196923143084587,-1.3066744735447378,1.303720532206029,0.2952835989597497,1.8817685286033223,0.2834813610546696,0.28470275936305084,-0.8023082663031444,0.40294447052659926,0.38509364235566845,-0.978263201706451,-0.3805651258043013,-0.4690876541827517,1.205879359340177,1.2228952789143004,0.9731737155891166,1.2294750355883062,0.5457058573198544
2025-03-22,-0.8933931443974619,1.2890592996564103,1.3172074900069,0.027629297731282473,-2.1215372753116486,1.3016438262232721,-0.11445614337886023,2.3198796896061875,-0.09134285428065093,-0.09053794575321329,-1.2541801103351922,0.7136933596508662,0.8694377451505007,-0.09161962778766759,-0.3805651258043013,-0.4690876541827517,0.9273562014613689,0.9106341713447301,0.7572214364851917,1.0844728431069837,-0.31281292954760703
2025-03-23,-1.2539879413860595,0.6463758049518198,0.7819557099693313,0.7421874422216611,-0.1528941347573152,0.4531669132291006,0.6898006149779923,0.020886991475632662,0.7192820015357253,0.7197352470804452,-0.9970498048530685,-0.7268911689093739,-0.880555464316616,-0.6827401225375818,0.2647362856554945,-0.018217301618516223,-0.13682356473299298,-0.06228580630927423,-0.06158982136866884,0.6466508264685796,0.5061642915725627
2025-03-24,-0.637828693067819,1.1960915313524902,1.1915231283544847,1.253652494359762,-0.2002287695937168,1.1429997770307156,1.2762258920977776,0.5516299217564935,1.2745587894184978,1.2747852476187682,-1.1392838057167298,-0.780678869746206,-0.9042754709532385,-0.8246390413296179,-0.3805651258043013,-0.45886641193318467,0.30066286214533855,0.34408253266626065,0.6098661947172149,1.2962391439227157,0.8475535389011959
2025-03-25,-0.10851340164949297,0.9932988150219181,0.9240773018910778,1.1757332345885025,0.06103159432946991,0.8645990161658528,1.18320165866306,0.1824772032391395,1.1591444347559767,1.1596961398955985,-0.789535078644335,-0.4830095035030266,-0.3455213677891252,0.24734910199014737,-0.3805651258043013,-0.4690876541827517,0.45437741834892253,0.5032027279216416,0.7051770663468729,1.0788278167824596,0.5577193538576601
2025-03-26,0.15434072042940583,0.4491974581616232,0.38572585636453394,0.9635793882549609,0.727584378915221,0.22358910282159739,0.9089378112341692,-0.6033466822048671,0.878732133578066,0.8796759408190805,-0.30430768037538325,-0.945862956469155,-0.8833688802367063,-0.21673577409509057,-0.10400737803581733,0.475809407110558,-0.6262841223674342,-0.5476214052626438,-0.4863549332205135,0.5179894996635115,-0.18581310900508227
2025-03-27,0.2562380878964039,0.5487786442198704,0.4614425814001208,0.6072595951234464,-0.12048803027086191,0.3620158084761396,0.4823193137704645,0.09080748497738397,0.45645429087506567,0.4577548704372371,-0.3152717230178164,-0.7726694989931804,-0.6884185598428727,-0.5705332906660419,-0.3805651258043013,-0.4690876541827517,1.0104988548810971,1.043195536428941,0.9895731297608928,0.8821998071126953,-0.9920216995193553
2025-03-28,-0.5644510459403458,0.49687035039920163,0.5398859831314052,0.1356650849705151,-0.5304407679431922,0.5302086332168615,0.00019200464064824882,0.8947385449056277,0.012133792453257247,0.013175535109087847,-0.5735472262073468,-0.47367748436876744,-0.45796099025065945,-0.6877166798455637,-0.3805651258043013,-0.4690876541827517,1.3896659414727028,1.3835797352466255,1.1550814828623783,0.7244361766746787,0.22861819727341265
2025-03-29,-0.4680844842727481,0.5722914550017457,0.5930433170148872,0.5512344704172334,-0.3364751599850335,0.3727658159162919,0.43607789406926284,0.15866644058719168,0.437631348912938,0.43878516024963204,-0.6231338413363703,0.22798748187564652,0.2902621229802152,-0.8947183664723998,-0.3805651258043013,-0.4690876541827517,-0.026630281209061732,0.06579826300999549,0.14350338618907998,0.41437001895971537,0.18495771842744257
2025-03-30,-0.4299528418048238,0.08046424060384866,0.13650503404166936,0.3316965932591032,0.3179364182173701,-0.07985428901180265,0.2220998644739632,-0.3745846941288672,0.22696300111049073,0.2278866175756635,-0.2547188372352602,0.2859635692530516,0.668763578574414,0.9359657836163883,0.40301515953973643,0.04878861979531227,-0.35775281417492094,-0.2866606474572389,-0.1543114764245083,-0.07386109240119312,-0.19775795699124438
2025-03-31,0.25900005551301136,0.216011162364354,0.15640205691070988,0.5458818541863089,0.38151843649328643,-0.011384071168557778,0.41378519862102486,-0.46539543826897944,0.39022725560305216,0.3911129147128056,-0.08339369538762081,-0.3267900335862159,0.15541218750003163,0.9116020245257772,0.08036445380983853,0.3588329680321795,-0.8119928206033861,-0.7338707805415782,-0.7365286576776614,0.12009295743063911,-1.1498447197503099
2025-04-01,0.8055879503843643,0.37318536729167084,0.21793234611919537,0.4197245589845487,-0.09171708388001705,0.17018518328462712,0.2798060989771163,-0.014811973019856045,0.23969325396382418,0.24081205736035532,0.033917773267497786,1.1176154791864763,1.055511253244739,-2.0882651278026043,-0.0579144200744034,0.07036679787773165,0.1648262120929274,0.20986794378982915,1.0457052897928902,0.17085575054440497,-0.8989342634892677
2025-04-02,0.6751571214454251,0.6964267133606347,0.5332879399951218,0.6527084660721698,-0.3081863153538191,0.5983123735337379,0.552891618218029,0.4128884216286942,0.5106445501028759,0.5118123452202183,-0.24526315811019198,1.6758465765326709,1.4021920046392973,-1.7994894054746187,-0.3805651258043013,-0.4690876541827517,1.099237166764082,1.1313620354036673,1.117516172653511,0.461270425640912,-0.12883481114006104
2025-04-03,0.6697293741391798,1.1180672729530303,0.919640021419304,0.6005527024967457,-0.9981293473809723,1.1608757363724849,0.4801855843489909,1.4411835221301248,0.4394641090513555,0.44089290582603263,-0.5312885395991495,0.4009604979547493,0.48186544857256225,-1.6899467375180215,-0.3805651258043013,-0.4690876541827517,1.7145814865775464,1.714053487582513,1.4365572495505172,1.152326342486477,0.258892208548688
2025-04-04,0.20595241380221033,1.3461316877660967,1.1996645733939788,0.7762539425106476,-1.0966000171354644,1.5238717262408221,0.6843548279470648,1.8336316188264408,0.6572653611762932,0.658145681487679,-0.8720338738005756,0.0015206868222079667,0.1968858187358433,-0.9095219319828329,-0.3805651258043013,-0.4690876541827517,1.7323026178148773,1.7474495966599857,1.4543283453239544,1.5415502001656323,0.6247203402627943
2025-04-05,-0.08050210320954651,0.6170516292070988,0.5750755465248784,-0.022253216179803297,-1.223121251341123,0.427085929269185,-0.0912080466971264,0.8192862580604947,-0.09193726297419191,-0.09168480731684292,-0.47943826518853594,2.7774657171689943,2.597942277848652,-1.8625903999243996,-0.3805651258043013,-0.4690876541827517,1.599005906899137,1.5775446491265637,1.7888537862558633,0.5116087806851645,-0.041651150551408105
2025-04-06,0.6700110673538126,-0.5224965342699618,-0.580610936925616,-1.7089399777667358,-2.0667272925012,-0.6246434918216616,-1.438291939218568,0.49782378277676737,-1.4268801205514199,-1.4285534354074167,0.6733926082724745,1.5795136860994918,1.415046404963847,-1.5624186401226812,-0.3805651258043013,-0.4690876541827517,0.8002293719181606,0.7915921735586974,1.457115495106091,-0.6346711136488408,-1.214443006847884
2025-04-07,0.6821238755827883,-0.14855700911835473,-0.24044515745537592,-1.058419759990912,-1.5154799494602693,-0.20398837113796003,-1.0136479376374221,0.7492283286992802,-1.014013748829483,-1.0150323510726995,0.4071185452198426,0.03627694706240149,0.17869562959732943,-0.0334726242350294,-0.3805651258043013,-0.4690876541827517,1.1610547212525546,1.2008784895953,1.7029753479462897,0.0367191726426175,-0.340066404550513
2025-04-08,0.7761200919077857,0.2272258303435008,0.08909687224768342,-0.32559500649560114,-1.0856280460542085,0.11535607336733297,-0.42766851442660114,0.6562873287374933,-0.44719552548045804,-0.44643698558015454,0.1563826316060011,-0.04315543627723778,-0.09677659471632596,-0.7703761153131641,-0.3805651258043013,-0.4690876541827517,0.997008790993055,1.0284346450153492,1.1503869360908314,0.4145680900588218,-0.2008471418152517
2025-04-09,0.3969816367172262,0.6921631695743344,0.5713842436396701,0.019165070257681965,-1.2436743022200991,0.5952176744221788,-0.1270992863687894,1.1414359126415363,-0.1432050127920925,-0.14270464876912892,-0.3319394740862951,-0.328553564761194,-0.27450686939236635,0.7140131860906992,-0.3805651258043013,-0.4690876541827517,0.5018124979013334,0.5529279433881067,1.0624880599302118,0.8557573153820299,-0.1950806634771043
2025-04-10,0.57282690830716,0.7206430792227576,0.5706768511006929,0.38575479272383195,-0.862137861368311,0.5603819495545629,0.24152635622171365,0.6850457823301055,0.210319557691346,0.21167557439246454,-0.298519307527381,0.25804099231589817,0.4448059699010302,1.8289863597511073,-0.3805651258043013,-0.4690876541827517,1.3647795473092785,1.4343818938052422,1.3806225759250133,0.9144712483313405,-1.3623119870903693
2025-04-11,-0.008203134977114324,1.4422935961343406,1.320345740543453,0.43068774885511696,-1.8246789607692806,1.5001321264771517,0.2944874312651696,2.213744847135961,0.28263928207215305,0.2834319127655149,-1.0199136548015784,0.4024301072672308,0.9053330517171677,2.105300113552198,-0.3805651258043013,-0.4690876541827517,1.800525679877751,1.8238705460316855,2.15165195304767,1.319540793938984,-1.5445738917068026
2025-04-12,-0.49070238823751217,1.8085221576064336,1.7314694225143605,0.997081606712374,-1.6689434682098978,2.101195989447203,0.9748923430531697,2.494079641475415,0.9720047644061897,0.9727887012824257,-1.4707227375370402,-0.3652203171076139,-0.29696568958205155,-0.8750112526302287,-0.3805651258043013,-0.4690876541827517,1.899550838030472,1.9566884202782764,1.6927359905308963,2.060609663308842,-0.43363438044211705
2025-04-13,-1.1210905791775732,1.8762604407326737,1.891996082132027,1.5254428691215864,-0.9724172535339918,2.1906165058812004,1.6684817918634127,1.8968864731442412,1.6868307524468933,1.6860436050847025,-1.7875637406044316,0.40544280635781815,0.5043727759332833,0.4960521884116628,-0.3344721678428873,-0.365739538103796,0.342132146011874,0.4186649192555802,0.9149179064845807,1.7208328407279618,-0.5517098892708434
2025-04-14,-0.8705416411815329,1.8660588920690835,1.8432503053552423,1.5751480373141775,-0.8267948151277842,2.1330184546535644,1.7267294203988792,1.7369454916942895,1.7320058131560003,1.7312361499434101,-1.6865613132300614,-0.28799234773669785,-0.3340736754246204,0.04314432287142542,-0.3805651258043013,-0.4690876541827517,1.1011908233827188,1.1838940245371044,1.4445902995558126,1.9632294222268878,0.21310362460173232
2025-04-15,-1.6074167378171809,2.1314680105416937,2.204149117058788,2.1645001045474483,-0.46145034372015126,2.5436565229498513,2.668372876132443,1.4137307092024103,2.7122352828627085,2.7086411684822465,-2.1780605627565595,-0.12449831172310269,-0.16716049988961604,-0.45189635914129717,-0.3344721678428873,-0.4690876541827517,1.6205907512497744,1.7085234663534676,1.9121768982816507,2.2318987202286746,-0.2529513925135149
2025-04-16,-1.1706136204223991,2.624603837388852,2.5879160002950616,2.1782202142237037,-1.134303699578321,3.5917415286395853,2.685888565413201,3.163495353954344,2.7028238118816432,2.6991873096469208,-2.316491348665814,0.15156779762659509,0.19712835459102399,-0.5765837436427771,-0.3805651258043013,-0.4690876541827517,1.831943743676418,1.9127551718136149,1.8048318663069995,2.5896151252143085,-0.42869168472370983
2025-04-17,-1.1516302459829735,1.440408068519277,1.4962549724632408,2.1087813042640895,0.762528444389156,1.410039734578145,2.5562724647355894,-0.37832982129923126,2.572499705822806,2.5691890015965644,-1.5499263042705784,-0.029855471999277464,-0.13902634068871436,-0.8257965654620691,-0.3805651258043013,-0.4690876541827517,-0.5399252640584303,-0.449752039475099,-0.4844073240668854,1.4111345293399098,-0.031971704769518806
2025-04-18,-0.7147584229260884,0.6729420447819696,0.7233707460595095,1.4280961920061577,1.1531472390804276,0.4531465533665247,1.517305470016577,-0.8725835308926917,1.5173252066721525,1.5171139963878881,-0.8279593581426742,-0.6531167814227895,-0.4303119027601182,1.3917568400003004,1.463153192652258,0.769954045181432,-0.7259011290114608,-0.6308895182867873,-0.5676415891782094,0.7579667841662135,-0.9567363439740291
2025-04-19,-0.8270509570694778,0.7024069315427395,0.7676277956344197,1.365331929997154,0.9743429002527296,0.5022341820373732,1.4263831192955503,-0.6912712732962585,1.4321761613224215,1.4321842481623324,-0.8887640091799721,-1.2060572852440496,-1.3902688175632956,0.2908584695238159,0.5873869913853924,0.32135507978376704,-0.6305587898406909,-0.541084622639053,-0.5524552419603445,0.7936620258122646,-0.8488894693403521
2025-04-20,-1.1346187240459213,1.4320076208611203,1.4859399030767042,1.5643783155001485,-0.0009711250786914707,1.7623467965940576,1.8302312206942688,0.999464669816359,1.8497482685348898,1.8477820818149735,-1.4911691954377941,0.1409866105767262,0.047435224773812866,-0.7003870558137386,4.36700954422134,-0.01594591445194576,1.8609443197504099,1.9617933974232236,1.9120133688138303,1.632238467684929,-0.12553968066111726
2025-04-21,-0.7284789436483303,1.6301428025604536,1.6041644888635473,1.7138323891768663,-0.1231479020481356,1.7677828799018622,1.9427137925845201,0.8872482905648995,1.9392067769127923,1.9377952164306704,-1.4836674820508626,-0.33803254482670164,-0.32728267147957507,0.18715917453860806,-0.19619329395864535,-0.31463332685596074,1.1696560052829443,1.2713562353492251,1.3571105235067107,1.6684005912074442,-0.8280203096403861
2025-04-22,-0.12986712143155263,1.5166593681165135,1.4069305873142421,1.6607254076567899,-0.15046700176055164,1.5484053606449586,1.8525557628502902,0.6144724684959051,1.8186904142973785,1.8179326849021236,-1.1721068652997986,-0.5307718061586836,-0.4493752209772809,0.15833523071745018,-0.24228625192005931,-0.39413187768592667,0.5138368554942919,0.5923295299840466,0.9608008794610423,1.5192247577092428,-0.5610460922945091
2025-04-23,-0.29210867192480444,1.8547879396835167,1.7425561928524973,1.8039240141720656,-0.45933907049694095,2.087351282895492,2.0675210403868687,1.291653307034488,2.0387702330808906,2.037293206140171,-1.4635218056491566,0.04560896619666092,-0.10327655563515474,-0.19859503465233744,-0.3344721678428873,-0.41003158785191984,1.2756145108087378,1.3804047547858702,1.3011807647012772,1.909538006433482,0.32012671661567477
2025-04-24,-0.40411951285357234,1.1323494410820565,1.0971055169248458,2.0145623607293817,1.306522095437479,0.9893846138944432,2.4032808805451125,-0.9234004399290996,2.376939245647856,2.3743465208134125,-1.044071979201476,-0.8483543785859908,-1.022196403741845,-0.33355810070118735,5.334961661411033,4.878893429507388,-1.0796762455340598,-1.025386277145987,-1.0699035839111095,1.010663062818657,1.0908440059296796
2025-04-25,0.048877529099195315,0.789563334883814,0.7134029421011949,1.6527448503245379,1.3610439254720577,0.5912067814946974,1.8405177073082413,-0.9879952938766634,1.7980842462546287,1.797599139341553,-0.6115838317736039,0.005488631965908384,0.12102060323548126,-0.08418731400602177,0.6334799493468064,1.6830516861427554,-0.586855695367471,-0.5103855665463781,-0.46623276624579385,0.5969774243998983,-1.1043993785615778
2025-04-26,0.4633375651776152,0.9762164976735059,0.8210295014859127,0.7211961580871318,-0.5506170036537208,0.9211994341272629,0.6287186294498204,0.8762877807727333,0.5925243476381324,0.5932085199794538,-0.5262777426264111,0.9504474198916768,0.818262679707481,-1.3350036437380042,-0.3805651258043013,-0.4690876541827517,2.3494892747815297,2.3824585389809907,2.2439764012814,0.9318024695031247,-0.7815452401769887
2025-04-27,0.6814563313697954,0.9225144198202381,0.7387697813152587,0.32804972039333474,-1.168330330945078,0.8996538131547872,0.18479208324010452,1.3184629201399163,0.1515226310885937,0.15246900115137088,-0.3849709508637683,0.24775372712852614,0.4598179691932632,-1.160815270686613,-0.3805651258043013,-0.4625460591430288,3.928530400023599,3.919827472114175,3.438834804689123,1.0390025097613333,-0.4738157506907414
